﻿<?xml version="1.0" encoding="UTF-8"?>
<ies>
  <nombre>IES Velázquez</nombre>
  <web>https://iesvelazquez.org</web>
  <ciclos>
    <ciclo id="DAM">
      <nombre>Desarrollo de Aplicacíones Multiplataforma</nombre>
      <grado>Superior</grado>
      <decretoTitulo año="2010" />
    </ciclo>
    <ciclo id="DAW">
      <nombre>Desarrollo de Aplicaciones Web</nombre>
      <grado>Superior</grado>
      <decretoTitulo año="2010" />
    </ciclo>
  </ciclos>
  <cursosEspecializacion>
     <cursoEspecializacion id="DVRV">
      <nombre>Curso de Especialización en Desarrollo de videojuegos y realidad virtual</nombre>
      <grado>Medio</grado>
      <decretoTitulo año="2021" />
    </cursoEspecializacion>
  </cursosEspecializacion>
</ies>

