﻿<?xml version="1.0" encoding="UTF-8"?>
<ies>
  <modulos>
      <modulo id="0373">
        <nombre>Lenguajes de marcas y sistemas de gestión de información</nombre>
        <curso>1</curso>
        <horasSemanales>4</horasSemanales>
        <ciclo>DAM</ciclo>
        <ciclo>DAW</ciclo>
    </modulo>
    <modulo id="0483">
      <nombre>Sistemas informáticos</nombre>
      <curso>1</curso>
      <horasSemanales>6</horasSemanales>
      <ciclo>DAM</ciclo>
      <ciclo>DAW</ciclo>
    </modulo>
     <modulo id="0486">
      <nombre>Acceso a datos</nombre>
      <curso>2</curso>
      <horasSemanales>5</horasSemanales>
      <ciclo>DAM</ciclo>
    </modulo>
    
        <modulo id="0612">
      <nombre>Desarrollo web en entorno cliente.</nombre>
      <curso>2</curso>
      <horasSemanales>6</horasSemanales>
      <ciclo>DAW</ciclo>
    </modulo>
    
  </modulos>
</ies>