﻿<?xml version="1.0" encoding="UTF-8"?>
<ies>
  <nombre>IES Velázquez</nombre>
  <web>https://iesvelazquez.org</web>
  <ciclos>
    <ciclo id="DAM">
      <nombre>Desarrollo de Aplicaciones Multiplataforma</nombre>
      <grado>Superior</grado>
      <decretoTitulo año="2010" />
    </ciclo>
    <ciclo id="DAW">
      <nombre>Desarrollo de Aplicaciones Web</nombre>
      <grado>Superior</grado>
      <decretoTitulo año="2010" />
    </ciclo>
  </ciclos>
  <cursosEspecialización>
     <CursoEspecializacion id="DVRV">
      <nombre>Curso de Especialización en Desarrollo de videojuegos y realidad virtual</nombre>
      <decretoTitulo año="2021"/>
    </CursoEspecializacion>
  </cursosEspecialización>
  <modulos>
      <modulo id="0373">
        <nombre>Lenguajes de marcas y sistemas de gestión de información</nombre>
        <curso>1</curso>
        <horasSemanales>4</horasSemanales>
        <ciclo>DAM</ciclo>
        <ciclo>DAW</ciclo>
    </modulo>
    <modulo id="0483">
      <nombre>Sistemas informáticos</nombre>
      <curso>1</curso>
      <horasSemanales>6</horasSemanales>
      <ciclo>DAM</ciclo>
      <ciclo>DAW</ciclo>
    </modulo>
     <modulo id="0486">
      <nombre>Acceso a datos</nombre>
      <curso>2</curso>
      <horasSemanales>5</horasSemanales>
      <ciclo>DAM</ciclo>
    </modulo>
    
        <modulo id="0612">
      <nombre>Desarrollo web en entorno cliente.</nombre>
      <curso>2</curso>
      <horasSemanales>6</horasSemanales>
      <ciclo>DAW</ciclo>
    </modulo>
    
  </modulos>
</ies>